"TIP.STAVBE";"Leto";"Ajdovšèina";"Ankaran/Ancarano";"Apaèe";"Beltinci";"Benedikt";"Bistrica ob Sotli";"Bled";"Bloke";"Bohinj";"Borovnica";"Bovec";"Braslovèe";"Brda";"Brezovica";"Brežice";"Cankova";"Celje";"Cerklje na Gorenjskem";"Cerknica";"Cerkno";"Cerkvenjak";"Cirkulane";"Èrenšovci";"Èrna na Koroškem";"Èrnomelj";"Destrnik";"Divaèa";"Dobje";"Dobrepolje";"Dobrna";"Dobrova - Polhov Gradec";"Dobrovnik/Dobronak";"Dol pri Ljubljani";"Dolenjske Toplice";"Domžale";"Dornava";"Dravograd";"Duplek";"Gorenja vas - Poljane";"Gorišnica";"Gorje";"Gornja Radgona";"Gornji Grad";"Gornji Petrovci";"Grad";"Grosuplje";"Hajdina";"Hoèe - Slivnica";"Hodoš/Hodos";"Horjul";"Hrastnik";"Hrpelje - Kozina";"Idrija";"Ig";"Ilirska Bistrica";"Ivanèna Gorica";"Izola/Isola";"Jesenice";"Jezersko";"Juršinci";"Kamnik";"Kanal";"Kidrièevo";"Kobarid";"Kobilje";"Koèevje";"Komen";"Komenda";"Koper/Capodistria";"Kostanjevica na Krki";"Kostel";"Kozje";"Kranj";"Kranjska Gora";"Križevci";"Krško";"Kungota";"Kuzma";"Laško";"Lenart";"Lendava/Lendva";"Litija";"Ljubljana";"Ljubno";"Ljutomer";"Log - Dragomer";"Logatec";"Loška dolina";"Loški Potok";"Lovrenc na Pohorju";"Luèe";"Lukovica";"Majšperk";"Makole";"Maribor";"Markovci";"Medvode";"Mengeš";"Metlika";"Mežica";"Miklavž na Dravskem polju";"Miren - Kostanjevica";"Mirna";"Mirna Peè";"Mislinja";"Mokronog - Trebelno";"Moravèe";"Moravske Toplice";"Mozirje";"Murska Sobota";"Muta";"Naklo";"Nazarje";"Nova Gorica";"Novo mesto";"Odranci";"Oplotnica";"Ormož";"Osilnica";"Pesnica";"Piran/Pirano";"Pivka";"Podèetrtek";"Podlehnik";"Podvelka";"Poljèane";"Polzela";"Postojna";"Prebold";"Preddvor";"Prevalje";"Ptuj";"Puconci";"Raèe - Fram";"Radeèe";"Radenci";"Radlje ob Dravi";"Radovljica";"Ravne na Koroškem";"Razkrižje";"Reèica ob Savinji";"Renèe - Vogrsko";"Ribnica";"Ribnica na Pohorju";"Rogaška Slatina";"Rogašovci";"Rogatec";"Ruše";"Selnica ob Dravi";"Semiè";"Sevnica";"Sežana";"Slovenj Gradec";"Slovenska Bistrica";"Slovenske Konjice";"Sodražica";"Solèava";"Središèe ob Dravi";"Starše";"Straža";"Sveta Ana";"Sveta Trojica v Slov. goricah";"Sveti Andraž v Slov. goricah";"Sveti Jurij ob Šèavnici";"Sveti Jurij v Slov. goricah";"Sveti Tomaž";"Šalovci";"Šempeter - Vrtojba";"Šenèur";"Šentilj";"Šentjernej";"Šentjur";"Šentrupert";"Škocjan";"Škofja Loka";"Škofljica";"Šmarje pri Jelšah";"Šmarješke Toplice";"Šmartno ob Paki";"Šmartno pri Litiji";"Šoštanj";"Štore";"Tabor";"Tišina";"Tolmin";"Trbovlje";"Trebnje";"Trnovska vas";"Trzin";"Tržiè";"Turnišèe";"Velenje";"Velika Polana";"Velike Lašèe";"Veržej";"Videm";"Vipava";"Vitanje";"Vodice";"Vojnik";"Vransko";"Vrhnika";"Vuzenica";"Zagorje ob Savi";"Zavrè";"Zreèe";"Žalec";"Železniki";"Žetale";"Žiri";"Žirovnica";"Žužemberk"
"Stanovanjske stavbe";"2007";52;NA;10;16;11;3;21;6;13;9;11;24;23;36;51;3;59;25;30;5;8;4;16;2;25;3;16;3;19;5;8;2;13;4;52;6;15;30;22;5;5;20;6;6;5;57;3;86;0;1;9;30;13;25;25;97;19;28;1;7;39;11;7;9;0;31;12;50;137;5;4;12;91;23;6;39;22;2;13;23;21;54;205;4;25;7;45;6;7;5;2;11;9;3;164;4;66;8;8;0;31;29;NA;3;7;5;20;26;6;22;7;12;3;47;107;3;11;28;1;24;41;18;11;2;5;16;44;43;15;9;7;26;20;42;6;8;13;62;11;9;1;10;18;2;22;6;7;43;16;6;35;50;39;122;46;11;0;0;15;6;8;9;0;11;7;5;4;8;24;39;9;64;3;9;77;51;31;12;15;15;20;6;16;17;14;8;66;0;2;18;7;41;3;9;1;8;13;3;46;41;22;92;5;22;0;15;26;17;0;15;22;7
"Stanovanjske stavbe";"2008";55;NA;11;19;12;4;2;7;6;10;8;13;16;31;60;2;58;32;32;11;11;3;16;5;28;9;13;2;20;9;7;0;34;5;32;9;17;46;30;7;9;29;7;10;6;68;6;58;2;3;8;21;24;12;15;80;17;19;0;6;37;4;13;13;0;25;13;80;113;7;5;15;75;38;12;62;40;5;18;23;14;39;149;5;27;11;49;1;4;7;1;5;5;6;115;5;71;8;23;0;30;14;NA;3;32;10;6;13;13;30;9;11;1;45;21;2;17;18;1;19;26;26;21;1;3;12;22;35;18;10;12;25;14;36;3;10;11;45;7;3;3;30;16;0;26;6;6;32;17;7;61;37;27;105;49;5;1;3;16;0;9;8;8;7;8;6;8;11;25;35;9;53;5;2;62;20;37;5;23;22;29;5;29;8;17;6;52;5;3;13;3;20;5;4;3;29;7;5;33;58;3;45;3;23;2;12;29;12;1;22;10;9
"Stanovanjske stavbe";"2009";45;NA;22;11;6;1;9;8;7;22;8;15;12;31;74;5;27;25;27;6;12;1;12;0;13;6;6;1;10;3;9;1;20;6;21;7;8;31;22;1;4;35;4;1;4;49;5;30;0;4;7;17;9;27;23;62;21;20;2;3;79;8;8;11;0;20;11;13;110;11;3;9;116;13;5;38;19;5;12;16;28;65;147;0;11;3;42;4;3;8;1;4;3;6;77;8;48;4;15;1;17;22;NA;1;6;11;12;11;5;32;1;7;2;67;23;4;20;33;2;16;17;13;17;1;2;11;14;54;7;10;6;14;10;35;5;16;16;21;12;3;0;10;17;4;47;3;2;12;6;8;30;35;16;85;48;7;0;2;7;3;10;8;0;9;7;7;2;10;16;36;7;55;7;4;79;23;28;3;15;18;20;6;10;8;11;5;38;5;5;18;10;40;2;5;2;8;18;8;20;25;6;43;2;13;2;10;20;13;1;20;12;3
"Stanovanjske stavbe";"2010";33;NA;12;15;9;2;4;5;12;3;8;18;10;22;50;4;21;10;23;1;11;0;12;2;23;3;10;5;6;4;12;3;10;7;43;0;13;15;15;3;3;23;5;4;4;41;6;53;1;2;5;12;9;6;22;48;10;13;1;1;55;7;2;11;2;8;3;27;58;5;2;14;39;10;9;38;40;3;22;31;21;36;90;5;18;5;32;12;4;6;1;8;1;3;62;2;34;0;12;2;33;12;NA;8;6;7;11;14;8;20;3;2;4;33;40;2;13;29;2;16;15;14;27;1;2;11;10;46;8;6;7;15;15;24;5;17;12;26;12;3;3;7;12;1;42;6;5;13;9;3;36;34;25;61;25;3;0;0;6;2;13;6;0;7;11;3;0;2;15;30;15;46;8;5;32;9;34;3;16;8;11;4;1;9;9;4;32;3;2;10;8;21;5;3;6;3;28;1;8;18;4;37;4;10;2;7;19;10;0;13;11;4
"Stanovanjske stavbe";"2011";52;NA;7;19;7;5;13;1;10;11;4;19;7;8;18;0;18;12;25;3;4;2;9;4;14;2;10;1;8;3;6;2;5;1;38;5;21;11;32;1;1;14;0;4;3;29;5;39;0;0;12;3;14;5;11;39;14;9;0;2;32;3;2;8;1;19;5;11;61;5;8;6;25;5;6;38;21;4;13;12;13;37;95;3;20;3;38;1;5;1;1;8;4;9;50;5;30;6;11;1;29;6;NA;1;6;5;8;14;4;16;6;5;4;23;39;4;11;23;0;10;19;15;8;1;3;8;10;18;6;4;6;12;6;105;4;4;5;33;7;1;5;7;27;0;41;7;1;13;13;10;29;18;14;64;30;5;1;2;9;3;8;7;2;10;10;3;1;5;9;13;20;37;5;4;42;23;29;6;6;19;17;3;5;8;20;1;21;1;2;12;7;32;3;6;3;2;13;3;20;11;3;45;1;11;1;24;19;4;0;16;10;10
"Stanovanjske stavbe";"2012";40;NA;5;14;3;8;14;3;5;7;4;12;13;26;28;3;13;7;17;5;4;1;9;4;11;2;8;3;5;1;6;0;6;4;30;3;16;14;10;1;8;17;1;6;2;19;4;38;0;3;2;6;18;12;19;40;9;8;1;1;27;3;2;15;1;21;6;12;25;4;2;5;33;13;2;20;11;6;18;24;13;26;105;4;14;1;38;7;8;9;2;8;1;3;54;1;22;9;18;0;6;6;4;8;8;6;5;5;15;5;4;8;2;28;49;1;7;21;0;9;17;13;23;1;2;4;9;15;5;4;2;13;7;19;8;4;14;24;6;0;3;6;18;3;21;6;4;10;5;3;28;20;21;55;36;5;0;1;7;1;4;7;1;3;5;6;2;4;14;18;17;31;12;11;44;17;28;3;12;6;14;1;3;5;8;4;21;1;5;20;9;9;3;7;4;4;10;4;14;8;9;65;3;19;1;11;11;9;0;16;8;12
"Stanovanjske stavbe";"2013";29;NA;9;5;16;4;13;4;9;7;11;14;10;20;23;3;22;13;11;13;8;3;14;6;15;6;3;3;11;4;27;1;2;3;28;7;9;13;19;11;1;16;2;2;10;39;3;17;0;1;3;13;10;18;12;42;5;8;2;9;31;5;8;13;5;13;5;24;47;3;1;10;31;4;4;33;9;6;33;21;23;38;139;3;15;5;29;3;3;5;2;8;5;5;56;8;27;8;15;1;9;7;6;4;1;6;5;9;7;5;5;12;2;41;35;6;16;35;0;16;12;7;4;4;0;5;12;17;7;2;2;14;9;23;4;6;9;23;11;1;2;4;11;1;19;9;6;6;13;6;35;14;20;52;25;5;1;4;7;5;9;4;2;10;4;3;0;7;13;17;25;37;6;6;31;16;16;10;5;7;17;7;2;7;22;3;33;3;6;15;5;17;2;11;2;6;12;0;9;9;3;40;10;17;2;15;18;7;5;12;7;7
"Stanovanjske stavbe";"2014";30;NA;10;13;10;1;6;2;5;6;2;5;7;9;34;1;13;7;18;13;7;3;1;2;14;5;2;3;4;3;8;6;7;5;18;11;7;5;5;10;3;13;0;3;7;30;6;12;1;6;5;1;14;14;11;52;5;12;1;6;31;7;1;4;1;15;1;10;35;4;0;6;26;10;6;46;4;5;12;20;11;15;114;3;14;7;19;4;2;7;4;13;13;8;87;9;25;22;12;1;11;15;7;6;4;20;4;9;11;11;10;6;1;25;40;5;6;33;1;11;14;4;6;3;1;2;10;14;9;7;14;26;7;12;2;6;10;23;14;1;4;6;8;2;28;7;2;2;10;4;38;11;18;38;19;6;1;5;11;12;8;5;2;9;3;5;5;4;10;9;24;42;18;7;30;18;8;13;6;12;10;1;2;10;16;8;34;2;0;7;5;16;4;9;3;15;8;1;11;18;4;37;3;13;1;4;29;10;4;12;4;13
"Stanovanjske stavbe";"2015";38;3;12;23;13;0;12;0;9;2;6;16;10;10;24;1;17;18;21;10;5;16;9;3;12;8;2;1;4;4;9;5;5;8;27;7;10;9;10;4;6;16;3;4;2;25;7;25;0;5;8;6;21;16;27;35;16;6;1;9;32;4;7;5;1;6;1;9;45;6;1;2;32;11;4;49;4;7;8;11;10;22;75;3;19;12;20;5;1;3;5;8;13;4;59;4;17;18;7;2;7;9;14;8;3;15;13;10;3;27;3;7;3;35;52;4;5;19;0;8;17;7;9;16;0;5;10;22;7;13;5;32;8;13;1;10;2;23;16;1;1;13;14;3;25;6;3;14;6;7;30;27;12;26;14;1;2;2;8;9;8;13;2;10;4;5;3;7;6;9;28;52;19;9;37;8;19;14;18;8;15;1;2;2;7;6;32;6;4;10;3;17;5;8;1;10;15;2;19;15;5;15;4;8;3;7;20;6;5;10;2;19
"Stanovanjske stavbe";"2016";31;1;10;22;15;1;10;3;7;6;4;18;10;29;43;2;19;11;24;4;12;8;4;3;15;9;4;2;9;2;16;1;34;8;37;3;8;11;23;15;1;11;1;4;4;22;12;24;0;2;4;14;11;21;9;22;8;7;1;9;42;6;19;2;1;19;5;11;31;2;2;0;44;4;6;42;6;8;16;13;12;20;137;2;11;4;8;5;2;4;1;18;5;2;92;4;28;12;2;6;15;8;3;9;4;8;9;22;12;24;5;7;6;23;26;4;3;17;1;11;16;8;8;4;2;2;10;16;10;15;11;46;14;17;3;10;3;22;15;5;3;5;12;0;29;8;8;5;2;5;20;27;8;54;20;7;0;2;9;7;13;9;6;5;3;4;6;6;11;10;19;31;4;9;25;16;21;5;6;10;6;3;1;9;13;4;27;9;8;6;3;24;4;7;6;22;8;3;15;20;3;93;5;11;6;4;17;7;3;9;8;14
"Stanovanjske stavbe";"2017";33;1;11;15;14;1;8;1;11;6;3;19;11;29;39;6;18;20;14;5;5;4;6;3;16;8;6;3;3;6;19;6;9;9;52;5;7;11;14;16;2;19;4;4;5;36;8;32;0;4;7;9;14;21;6;29;13;9;2;5;42;3;12;6;0;15;5;6;47;10;0;4;27;8;7;40;9;2;7;17;8;19;161;10;12;6;25;3;2;1;2;13;12;0;105;8;25;15;7;3;10;4;3;5;4;11;9;25;5;20;5;9;3;14;38;4;9;19;0;37;9;10;8;4;1;6;32;18;11;9;7;48;13;44;3;5;8;30;8;1;2;4;16;2;37;7;3;1;5;7;19;22;22;57;18;5;1;2;9;11;7;31;4;7;3;7;2;7;14;16;23;32;5;9;33;11;19;5;6;3;5;5;4;10;9;8;29;1;6;11;6;14;3;7;6;20;9;2;17;22;9;33;3;3;7;5;14;11;3;6;5;11
"Stanovanjske stavbe";"2018";42;0;15;25;7;4;18;7;15;0;5;22;22;23;35;2;31;14;15;8;8;4;12;0;13;12;5;0;4;3;11;2;10;5;33;5;7;22;16;12;5;26;2;7;4;32;4;56;0;9;7;11;13;21;11;44;8;7;2;5;31;2;15;5;2;7;2;10;45;1;1;1;50;12;12;33;12;8;12;14;9;24;193;4;12;7;35;5;1;2;5;14;6;4;96;11;11;14;10;3;20;4;8;12;10;3;13;16;12;17;4;14;4;20;49;4;10;17;0;16;13;3;17;2;1;11;20;13;13;6;6;55;22;40;3;16;12;35;9;0;3;12;22;3;29;4;8;1;3;7;37;19;17;43;29;4;2;3;13;2;9;11;6;4;8;3;2;6;13;19;15;33;6;7;41;5;30;5;3;6;10;5;1;7;11;4;28;5;0;7;5;28;2;6;5;15;6;3;5;13;4;28;5;10;4;6;22;7;3;8;7;12
"Stanovanjske stavbe";"2019";38;0;9;24;15;4;11;3;4;2;4;10;8;12;38;1;24;16;7;5;4;9;10;1;10;8;6;2;2;2;12;3;4;6;48;1;5;13;12;5;2;17;2;1;3;33;13;21;0;11;2;12;17;11;2;30;13;8;2;5;34;5;13;4;2;12;4;9;45;4;1;4;49;10;7;25;18;1;6;20;6;7;168;2;13;3;27;1;3;1;2;17;5;4;106;10;24;12;13;0;21;14;4;8;5;7;9;21;7;20;8;7;2;31;81;2;3;17;0;12;13;5;7;2;0;6;8;10;9;12;10;39;15;23;2;4;9;25;5;1;1;12;14;1;58;6;4;6;7;8;15;10;22;77;21;3;2;0;11;7;9;12;3;8;9;3;1;1;10;19;15;38;6;7;25;19;14;3;13;5;8;4;5;10;5;1;31;4;3;3;5;25;0;14;2;22;7;0;16;18;3;26;1;7;2;9;26;8;0;4;9;5
"Stanovanjske stavbe";"2020";42;0;5;17;13;0;10;1;9;5;7;17;8;14;48;4;30;11;11;3;8;5;13;4;11;7;3;2;4;0;16;3;11;7;54;3;8;12;9;8;4;12;4;7;3;40;16;32;0;2;6;31;6;14;6;41;6;7;0;2;33;0;16;2;1;17;9;25;36;1;1;4;54;10;8;22;10;2;5;19;11;21;163;1;17;7;40;1;2;0;2;7;6;4;125;8;11;10;9;1;35;10;5;8;2;8;3;15;16;20;3;8;8;16;40;6;5;12;0;16;3;5;6;3;1;4;16;13;15;8;6;44;13;39;3;6;7;28;10;3;1;2;9;1;23;7;4;5;0;2;18;7;29;50;20;5;2;3;13;11;4;21;2;11;8;3;0;0;11;19;18;28;4;14;15;6;21;2;6;2;12;0;8;2;11;8;37;6;2;5;2;29;1;12;6;16;5;1;10;9;3;32;2;5;0;11;36;6;1;7;8;11
"Nestanovanjske stavbe";"2007";19;NA;3;4;3;1;6;8;3;1;9;2;9;4;33;3;21;6;18;4;3;0;4;6;16;1;4;0;2;4;0;4;0;4;8;1;11;3;7;3;1;11;1;3;3;7;3;19;0;0;0;10;12;2;6;8;7;7;0;0;8;1;7;4;2;10;2;8;8;3;1;3;20;18;4;38;6;4;14;15;15;7;32;0;12;2;27;3;0;0;0;4;2;4;52;2;11;2;13;3;2;0;NA;0;2;8;0;5;2;11;4;4;1;18;15;2;7;10;0;8;16;4;9;1;2;5;3;12;3;3;4;10;6;12;3;2;8;12;8;2;1;2;8;2;14;2;2;1;5;20;26;9;19;27;17;4;0;2;2;7;3;3;0;5;1;0;3;4;5;4;9;13;5;4;13;0;14;6;0;2;1;0;1;4;11;10;28;0;1;1;2;3;2;0;3;0;4;3;1;5;3;6;4;6;0;8;8;1;2;3;0;7
"Nestanovanjske stavbe";"2008";9;NA;3;6;2;1;7;1;12;1;2;0;11;4;42;1;15;4;13;7;3;3;3;1;30;1;2;2;4;0;0;6;2;4;4;0;7;3;5;5;0;16;1;4;2;10;2;13;0;0;1;2;10;2;9;11;3;5;1;1;12;2;1;1;0;6;3;4;17;2;1;1;12;14;1;37;8;1;11;7;17;3;27;3;14;3;25;5;1;1;1;0;1;1;31;1;12;0;10;1;2;0;NA;5;1;11;3;9;0;12;6;1;2;14;15;0;4;9;0;4;5;3;11;1;1;6;4;13;1;1;4;7;6;2;2;4;8;6;6;0;0;2;9;0;19;1;6;6;5;11;32;10;12;36;18;2;0;0;2;2;8;1;1;3;1;1;1;6;8;5;5;12;7;3;19;0;11;4;1;1;2;0;0;3;9;5;30;1;1;0;2;8;0;0;1;2;4;2;1;5;1;5;0;1;1;5;6;3;1;6;0;6
"Nestanovanjske stavbe";"2009";22;NA;8;1;1;3;1;0;2;1;8;2;8;5;35;4;3;3;7;2;2;0;5;2;13;1;4;0;4;0;1;6;3;1;5;3;10;9;13;2;3;14;0;1;2;11;0;2;1;0;1;2;8;3;18;7;0;5;0;1;11;1;0;4;0;3;1;6;8;3;2;3;14;7;3;40;4;3;6;9;18;10;21;0;9;2;13;2;1;1;1;1;1;0;21;1;2;3;9;1;2;2;NA;2;3;10;1;6;3;7;4;7;1;15;10;0;2;5;1;7;2;3;8;0;0;6;2;12;1;0;2;1;2;2;2;3;9;4;10;1;1;1;8;5;12;4;3;2;6;9;30;10;7;26;7;0;0;2;2;0;2;5;0;4;1;1;0;8;1;0;7;12;8;4;13;1;11;2;1;2;3;0;0;4;8;5;53;1;1;1;2;10;3;0;0;1;9;3;1;1;2;5;0;4;1;5;2;3;1;2;3;2
"Nestanovanjske stavbe";"2010";15;NA;3;3;3;3;2;1;4;0;2;2;10;0;32;1;1;4;5;1;3;2;2;2;16;0;2;1;2;1;1;8;0;1;3;0;10;2;10;1;1;14;1;1;2;7;1;3;0;0;3;4;4;0;7;22;3;7;0;0;13;1;3;10;3;6;0;12;15;2;0;3;9;2;2;24;5;0;9;17;14;11;21;3;6;3;10;0;2;3;5;1;1;2;23;0;1;1;16;0;2;3;NA;4;2;7;2;7;0;10;3;2;3;10;31;4;2;12;0;4;2;5;12;0;4;3;1;12;2;1;4;4;4;1;5;2;10;4;3;0;2;1;13;1;12;3;5;3;2;8;33;5;11;14;7;3;0;0;3;2;6;3;0;6;3;3;0;3;4;3;13;12;10;2;18;2;10;8;0;4;0;0;0;8;3;6;34;0;1;0;2;6;0;1;1;0;3;4;0;6;1;5;0;9;0;1;4;4;0;2;1;7
"Nestanovanjske stavbe";"2011";27;NA;4;8;5;2;2;1;6;0;7;4;9;1;26;2;0;4;6;0;6;0;3;3;32;0;1;3;1;0;0;2;0;0;7;0;9;2;7;2;0;3;2;1;1;14;0;5;0;1;3;0;3;2;5;6;4;2;1;0;9;1;3;8;2;9;0;7;8;6;1;6;9;3;2;34;3;1;6;5;14;10;22;1;6;0;9;1;5;0;1;0;4;3;22;6;2;0;17;0;2;3;NA;1;3;7;0;4;1;5;3;1;3;10;16;0;5;14;0;1;0;6;6;0;1;2;4;8;0;0;4;7;5;4;4;3;6;5;12;0;0;0;11;0;5;3;3;3;3;9;32;2;6;19;10;5;2;1;2;6;5;4;0;5;2;4;3;1;1;0;15;13;8;3;17;1;11;3;0;1;1;0;0;0;9;1;46;1;0;0;4;8;1;2;1;0;10;1;2;0;2;4;0;4;0;7;4;5;0;5;2;6
"Nestanovanjske stavbe";"2012";11;NA;6;4;3;4;0;1;6;0;4;0;7;3;16;1;0;1;4;3;3;0;4;3;21;1;2;0;4;0;0;4;3;2;1;2;7;4;6;0;1;10;1;0;2;11;1;5;0;0;2;1;6;1;6;13;1;4;0;0;17;1;3;6;1;7;3;13;2;9;1;2;9;2;4;13;3;2;5;11;10;6;22;3;6;0;9;0;0;7;0;0;1;1;19;0;1;0;13;3;2;0;3;4;4;6;1;7;0;3;3;2;2;5;21;3;4;14;0;2;2;9;8;0;1;4;0;3;2;1;2;4;3;5;2;1;7;9;9;0;2;0;3;0;21;2;0;2;2;2;17;5;6;18;13;4;0;3;1;4;4;1;0;4;0;0;0;2;2;1;7;11;10;6;5;0;10;4;0;0;2;0;0;5;8;3;29;0;0;0;0;3;1;0;1;1;4;0;1;0;0;2;1;0;2;2;2;2;0;6;1;3
"Nestanovanjske stavbe";"2013";23;NA;2;4;4;2;1;0;3;2;1;8;4;0;16;3;2;4;7;3;3;0;1;3;14;1;0;2;0;0;1;1;1;2;4;0;3;2;7;3;0;3;0;1;3;16;1;6;0;1;8;2;9;1;3;13;0;5;0;0;7;0;2;8;0;5;1;12;7;1;0;10;10;0;3;14;2;1;8;14;7;10;19;4;7;2;16;3;2;0;0;1;0;3;20;3;2;1;16;2;4;1;4;4;1;11;0;3;0;9;2;2;0;3;13;2;6;14;1;4;2;9;5;0;3;2;1;7;2;4;3;4;6;5;0;3;6;1;5;0;0;2;10;0;10;1;0;6;1;10;19;3;3;23;12;2;0;2;2;5;7;2;0;2;1;0;2;0;4;2;8;9;15;8;5;0;9;4;0;5;5;0;0;3;15;2;29;0;0;0;5;5;1;1;1;1;5;3;1;1;0;4;2;7;0;1;7;6;3;3;2;3
"Nestanovanjske stavbe";"2014";11;NA;3;5;3;0;0;2;1;1;8;2;3;3;19;1;0;1;6;6;0;0;0;3;14;1;0;2;3;0;3;1;1;2;0;1;1;5;2;2;0;0;0;0;2;5;1;5;0;1;1;0;9;1;11;15;1;4;1;0;4;1;1;1;0;9;0;5;8;2;0;1;6;2;0;9;4;1;2;10;6;7;20;2;8;3;3;3;0;2;0;1;1;1;28;7;5;0;5;3;0;1;4;0;2;10;0;3;0;8;4;2;4;2;39;6;0;17;0;4;1;2;4;0;2;3;3;12;4;1;8;4;6;8;0;5;6;0;2;0;0;0;11;1;7;3;1;1;0;9;24;1;4;11;6;1;1;1;4;4;3;1;0;3;3;1;0;0;3;3;29;12;9;7;8;0;7;11;3;1;1;0;0;3;10;0;22;1;0;3;1;3;0;1;0;2;7;1;0;0;1;3;3;2;1;2;11;3;2;1;3;5
"Nestanovanjske stavbe";"2015";49;0;17;25;2;5;3;0;6;0;14;4;15;2;77;3;2;3;4;9;0;5;19;1;9;0;1;2;4;0;1;10;0;16;1;1;29;1;6;3;1;52;4;6;3;4;1;4;1;0;5;2;10;2;44;12;0;8;1;3;7;18;4;15;1;39;0;6;6;17;6;15;6;3;15;193;4;4;6;15;51;20;15;5;35;4;9;2;8;0;1;0;5;8;23;0;2;0;27;2;3;17;2;15;8;8;0;20;14;24;3;1;15;46;121;8;17;60;2;3;4;20;18;4;0;13;3;43;0;0;2;9;19;3;2;20;2;4;10;10;1;8;49;0;35;10;17;4;2;10;8;3;27;108;6;15;3;10;1;19;2;2;0;20;0;13;2;12;1;5;37;17;9;21;6;0;63;33;20;20;30;0;1;6;42;11;19;1;0;13;18;53;8;3;6;3;18;3;0;1;3;3;2;12;0;3;12;6;1;3;2;29
"Nestanovanjske stavbe";"2016";66;1;29;40;17;2;8;6;11;4;12;3;10;5;142;7;29;6;43;17;21;9;29;4;32;19;11;6;6;0;9;13;0;18;17;15;49;25;13;14;1;66;9;6;3;37;6;27;2;3;7;8;28;13;46;63;3;8;1;7;28;16;36;19;1;34;8;14;26;8;2;14;15;4;21;75;3;2;73;40;52;30;68;11;61;2;11;13;11;5;7;2;9;7;64;9;10;3;33;0;4;19;7;15;10;5;4;18;14;36;20;6;7;37;118;10;16;59;0;9;5;15;27;8;10;11;1;44;2;1;6;63;29;13;8;36;36;17;8;3;10;6;33;5;45;12;9;5;8;23;129;20;42;124;63;13;2;12;6;14;31;9;11;31;12;6;3;8;3;5;59;46;4;30;25;0;71;35;17;11;60;3;1;9;38;7;14;1;1;16;15;77;5;0;7;19;23;17;7;12;1;14;2;7;6;24;15;10;2;7;11;47
"Nestanovanjske stavbe";"2017";60;1;30;33;11;10;2;12;17;1;6;5;9;5;102;8;28;2;39;21;19;4;32;3;40;8;21;4;17;3;9;12;1;14;4;11;20;16;24;6;2;82;0;8;8;46;2;38;0;5;2;11;26;7;33;66;3;14;0;0;30;10;33;9;6;41;13;27;14;3;4;17;7;9;33;59;2;0;50;41;51;19;67;16;50;0;18;11;9;3;9;0;6;8;58;12;14;4;28;2;12;15;9;9;9;13;2;38;16;35;15;5;13;37;118;6;15;70;0;5;2;15;24;5;14;8;3;47;4;0;3;28;25;22;6;34;26;15;9;2;11;5;48;11;45;10;12;7;7;28;137;34;21;115;48;16;1;13;7;25;29;11;4;28;15;6;4;4;3;2;50;38;4;35;20;5;77;22;25;8;37;9;1;13;19;1;35;3;4;8;22;83;15;3;9;6;14;4;3;24;1;13;17;2;4;22;16;16;1;8;4;33
"Nestanovanjske stavbe";"2018";36;0;15;26;20;2;15;3;20;0;4;4;20;8;58;9;59;11;34;11;16;2;26;1;35;1;4;5;8;6;2;7;4;18;12;10;40;23;9;7;3;46;6;22;7;32;4;35;1;6;6;9;11;7;27;63;0;14;1;2;11;16;18;14;0;40;4;17;12;6;3;9;10;14;18;56;2;3;63;50;56;24;42;6;31;7;11;23;8;2;8;2;3;14;62;17;5;9;34;3;6;10;14;25;11;23;4;39;19;33;19;2;9;13;123;8;20;71;0;12;4;15;24;0;3;13;1;24;1;1;1;22;25;24;8;24;21;20;6;4;10;8;35;7;33;8;3;6;6;23;174;20;47;106;50;12;2;12;5;8;18;16;3;35;5;3;8;2;3;2;34;38;18;29;22;2;66;25;15;11;47;9;2;16;18;1;66;1;0;10;7;95;5;2;5;6;8;15;0;14;3;21;4;5;2;16;11;10;1;8;7;26
"Nestanovanjske stavbe";"2019";39;0;30;29;23;4;6;9;12;3;7;20;21;5;109;9;56;8;18;12;20;8;28;0;50;3;5;1;10;3;7;11;1;15;39;7;16;16;7;12;3;59;13;11;5;13;7;26;0;6;9;2;31;5;14;42;0;0;0;3;13;5;20;6;1;42;2;20;5;7;1;14;4;6;16;48;2;4;25;42;43;16;62;5;52;2;14;5;10;5;2;14;4;11;77;21;4;13;25;3;9;8;21;27;5;23;9;27;13;48;7;5;19;32;105;12;15;42;1;8;5;22;12;0;1;9;11;30;9;1;4;23;25;26;13;25;15;9;2;1;6;8;29;11;39;13;9;13;13;17;68;4;23;101;63;9;1;5;20;17;17;14;3;37;32;16;3;9;5;7;57;64;19;22;13;6;62;17;16;6;31;4;2;17;15;3;75;1;5;0;12;50;11;7;7;5;7;5;8;29;6;4;7;1;3;24;28;7;1;3;2;30
"Nestanovanjske stavbe";"2020";46;0;23;38;26;4;4;0;5;3;10;18;3;2;85;12;40;5;17;10;19;7;22;5;26;4;1;0;2;8;3;8;3;17;38;4;22;6;6;7;0;70;12;8;6;23;6;29;0;3;3;10;21;10;22;48;0;2;0;1;15;1;12;10;4;30;7;6;5;6;3;13;15;2;30;15;6;8;26;65;42;10;63;12;55;1;17;5;11;3;4;5;1;15;59;14;25;11;39;0;21;5;10;20;9;26;9;29;27;41;12;5;8;16;116;9;21;27;0;6;0;27;12;2;4;22;20;26;5;0;3;14;13;35;4;31;16;17;2;7;6;0;32;1;30;8;5;13;5;17;41;14;50;92;43;12;1;3;9;14;29;15;9;30;14;2;7;1;6;2;25;48;18;29;6;1;37;25;9;7;28;4;11;19;20;11;68;2;3;5;9;60;7;2;10;9;14;4;5;31;5;14;7;1;0;16;34;4;1;5;5;24
